{
  "name": "adapt-contrib-spoor",
  "version": "5.14.0",
  "framework": ">=5.48.2",
  "homepage": "https://github.com/adaptlearning/adapt-contrib-spoor",
  "bugs": "https://github.com/adaptlearning/adapt-contrib-spoor/issues",
  "extension": "spoor",
  "displayName": "Spoor",
  "description": "An extension which allows basic SCORM tracking",
  "main": "/js/adapt-contrib-spoor.js",
  "keywords": [
    "adapt-plugin",
    "adapt-extension"
  ],
  "license": "GPL-3.0",
  "targetAttribute": "_spoor",
  "private": true,
  "devDependencies": {
    "@semantic-release/commit-analyzer": "^9.0.2",
    "@semantic-release/git": "^10.0.1",
    "@semantic-release/github": "^8.0.5",
    "@semantic-release/npm": "^9.0.1",
    "@semantic-release/release-notes-generator": "^10.0.3",
    "conventional-changelog-eslint": "^3.0.9",
    "semantic-release": "^21.0.1",
    "semantic-release-replace-plugin": "^1.2.7"
  },
  "scripts": {
    "postversion": "cp package.json bower.json",
    "adaptpostcopy": "/scripts/postcopy.js"
  },
  "release": {
    "plugins": [
      [
        "@semantic-release/commit-analyzer",
        {
          "preset": "eslint"
        }
      ],
      [
        "@semantic-release/release-notes-generator",
        {
          "preset": "eslint"
        }
      ],
      [
        "semantic-release-replace-plugin",
        {
          "replacements": [
            {
              "files": "migrations/*.js",
              "from": "@@CURRENT_VERSION",
              "to": "${lastRelease.version}",
              "countMatches": true
            },
            {
              "files": "migrations/*.js",
              "from": "@@RELEASE_VERSION",
              "to": "${nextRelease.version}",
              "countMatches": true
            }
          ]
        }
      ],
      "@semantic-release/npm",
      "@semantic-release/github",
      [
        "@semantic-release/git",
        {
          "assets": [
            "package.json",
            "bower.json",
            "migrations/*.js"
          ],
          "message": "Chore(release): ${nextRelease.version} [skip ci]\n\n${nextRelease.notes}"
        }
      ]
    ]
  },
  "_release": "5.14.0",
  "_resolution": {
    "type": "version",
    "tag": "v5.14.0",
    "commit": "f6212e6dfd7a3159e8c46e6cd6f7dd77eefec2b1"
  },
  "_source": "https://github.com/adaptlearning/adapt-contrib-spoor.git",
  "_target": "5.14.0",
  "_originalSource": "adapt-contrib-spoor",
  "_direct": true
}