{
  "name": "adapt-contrib-narrative",
  "version": "7.12.1",
  "framework": ">=5.39.6",
  "homepage": "https://github.com/adaptlearning/adapt-contrib-narrative",
  "bugs": "https://github.com/adaptlearning/adapt-contrib-narrative/issues",
  "component": "narrative",
  "targetAttribute": "_narrative",
  "displayName": "Narrative",
  "description": "A component that displays an image gallery with accompanying text",
  "main": "/js/adapt-contrib-narrative.js",
  "keywords": [
    "adapt-plugin",
    "adapt-component"
  ],
  "license": "GPL-3.0",
  "private": true,
  "devDependencies": {
    "@semantic-release/commit-analyzer": "^9.0.2",
    "@semantic-release/git": "^10.0.1",
    "@semantic-release/github": "^8.0.5",
    "@semantic-release/npm": "^9.0.1",
    "@semantic-release/release-notes-generator": "^10.0.3",
    "conventional-changelog-eslint": "^3.0.9",
    "semantic-release": "^21.0.1",
    "semantic-release-replace-plugin": "^1.2.7"
  },
  "scripts": {
    "postversion": "cp package.json bower.json"
  },
  "release": {
    "plugins": [
      [
        "@semantic-release/commit-analyzer",
        {
          "preset": "eslint"
        }
      ],
      [
        "@semantic-release/release-notes-generator",
        {
          "preset": "eslint"
        }
      ],
      [
        "semantic-release-replace-plugin",
        {
          "replacements": [
            {
              "files": "migrations/*.js",
              "from": "@@CURRENT_VERSION",
              "to": "${lastRelease.version}",
              "countMatches": true
            },
            {
              "files": "migrations/*.js",
              "from": "@@RELEASE_VERSION",
              "to": "${nextRelease.version}",
              "countMatches": true
            }
          ]
        }
      ],
      "@semantic-release/npm",
      "@semantic-release/github",
      [
        "@semantic-release/git",
        {
          "assets": [
            "package.json",
            "bower.json",
            "migrations/*.js"
          ],
          "message": "Chore(release): ${nextRelease.version} [skip ci]\n\n${nextRelease.notes}"
        }
      ]
    ]
  },
  "_release": "7.12.1",
  "_resolution": {
    "type": "version",
    "tag": "v7.12.1",
    "commit": "9206dda7882a65606214bcdee9793c53535822c9"
  },
  "_source": "https://github.com/adaptlearning/adapt-contrib-narrative.git",
  "_target": "7.12.1",
  "_originalSource": "adapt-contrib-narrative",
  "_direct": true
}