{
  "$anchor": "vanilla-block",
  "$schema": "https://json-schema.org/draft/2020-12/schema",
  "type": "object",
  "$patch": {
    "source": {
      "$ref": "block"
    },
    "with": {
      "properties": {
        "_vanilla": {
          "type": "object",
          "title": "Vanilla",
          "default": {},
          "properties": {
            "_textAlignment": {
              "type": "object",
              "title": "Text alignment",
              "default": {},
              "properties": {
                "_title": {
                  "type": "string",
                  "title": "Title alignment",
                  "description": "Set the alignment of the block title. Left: Aligns the title to the left of the container. Center: Aligns the title to the center of the container. Right: Aligns the title to the right of the container. The alignment automatically inverses for right-to-left languages. The default is `` which inherits the natural page direction.",
                  "default": "",
                  "enum": [
                    "",
                    "left",
                    "center",
                    "right"
                  ],
                  "_backboneForms": "Select"
                },
                "_body": {
                  "type": "string",
                  "title": "Body alignment",
                  "description": "Set the alignment of the block body. Left: Aligns the body to the left of the container. Center: Aligns the body to the center of the container. Right: Aligns the body to the right of the container. The alignment automatically inverses for right-to-left languages. The default is `` which inherits the natural page direction.",
                  "default": "",
                  "enum": [
                    "",
                    "left",
                    "center",
                    "right"
                  ],
                  "_backboneForms": "Select"
                },
                "_instruction": {
                  "type": "string",
                  "title": "Instruction alignment",
                  "description": "Set the alignment of the block instruction. Left: Aligns the instruction to the left of the container. Center: Aligns the instruction to the center of the container. Right: Aligns the instruction to the right of the container. The alignment automatically inverses for right-to-left languages. The default is `` which inherits the natural page direction.",
                  "default": "",
                  "enum": [
                    "",
                    "left",
                    "center",
                    "right"
                  ],
                  "_backboneForms": "Select"
                }
              }
            },
            "_backgroundImage": {
              "type": "object",
              "title": "Background image",
              "default": {},
              "properties": {
                "_xlarge": {
                  "type": "string",
                  "title": "Extra large",
                  "description": "Extra large background image, e.g. hd laptop/desktop computers",
                  "_backboneForms": {
                    "type": "Asset",
                    "media": "image"
                  }
                },
                "_large": {
                  "type": "string",
                  "title": "Large",
                  "description": "Large background image, e.g. laptop/desktop computers",
                  "_backboneForms": {
                    "type": "Asset",
                    "media": "image"
                  }
                },
                "_medium": {
                  "type": "string",
                  "title": "Medium",
                  "description": "Medium background image, e.g. tablet devices",
                  "_backboneForms": {
                    "type": "Asset",
                    "media": "image"
                  }
                },
                "_small": {
                  "type": "string",
                  "title": "Small",
                  "description": "Small background image, e.g. mobile / cellphones",
                  "_backboneForms": {
                    "type": "Asset",
                    "media": "image"
                  }
                }
              }
            },
            "_backgroundStyles": {
              "type": "object",
              "title": "Background image styles",
              "default": {},
              "properties": {
                "_backgroundRepeat": {
                  "type": "string",
                  "title": "Repeat",
                  "description": "Repeat-x: The background image is repeated only horizontally. Repeat-y: The background image is repeated only vertically",
                  "default": "no-repeat",
                  "enum": [
                    "repeat",
                    "repeat-x",
                    "repeat-y",
                    "no-repeat"
                  ],
                  "_backboneForms": "Select"
                },
                "_backgroundSize": {
                  "type": "string",
                  "title": "Size",
                  "description": "Auto: The background image is displayed in its original size. Cover: Resize the background image to cover the entire container, even if it has to stretch or crop the image. Contain: Resize the background image to make sure the image is fully visible. 100% 100%: Resize the background image to match the dimensions of the container",
                  "default": "cover",
                  "enum": [
                    "auto",
                    "cover",
                    "contain",
                    "100% 100%"
                  ],
                  "_backboneForms": "Select"
                },
                "_backgroundPosition": {
                  "type": "string",
                  "title": "Position",
                  "description": "The first value is the horizontal position and the second value is the vertical",
                  "default": "center top",
                  "enum": [
                    "left top",
                    "left center",
                    "left bottom",
                    "center top",
                    "center center",
                    "center bottom",
                    "right top",
                    "right center",
                    "right bottom"
                  ],
                  "_backboneForms": "Select"
                }
              }
            },
            "_minimumHeights": {
              "type": "object",
              "title": "Block minimum height",
              "default": {},
              "properties": {
                "_xlarge": {
                  "type": "number",
                  "title": "Extra large",
                  "description": "Minimum height should only be used in instances where the block height needs to be greater than the content e.g. to prevent a background image being cropped. For e.g. hd laptop/desktop computers",
                  "default": 0
                },
                "_large": {
                  "type": "number",
                  "title": "Large",
                  "description": "Minimum height should only be used in instances where the block height needs to be greater than the content e.g. to prevent a background image being cropped.For e.g. laptop/desktop computers",
                  "default": 0
                },
                "_medium": {
                  "type": "number",
                  "title": "Medium",
                  "description": "Minimum height should only be used in instances where the block height needs to be greater than the content e.g. to prevent a background image being cropped. For e.g. tablet devices",
                  "default": 0
                },
                "_small": {
                  "type": "number",
                  "title": "Small",
                  "description": "Minimum height should only be used in instances where the block height needs to be greater than the content e.g. to prevent a background image being cropped. For e.g. mobile / cellphones",
                  "default": 0
                }
              }
            },
            "_responsiveClasses": {
              "type": "object",
              "title": "Responsive classes",
              "default": {},
              "properties": {
                "_xlarge": {
                  "type": "string",
                  "title": "Extra large",
                  "description": "Extra large CSS class, e.g. hd laptop/desktop computers",
                  "default": ""
                },
                "_large": {
                  "type": "string",
                  "title": "Large",
                  "description": "Large CSS class, e.g. laptop/desktop computers",
                  "default": ""
                },
                "_medium": {
                  "type": "string",
                  "title": "Medium",
                  "description": "Medium CSS class, e.g. tablet devices",
                  "default": ""
                },
                "_small": {
                  "type": "string",
                  "title": "Small",
                  "description": "Small CSS class, e.g. mobile / cellphones",
                  "default": ""
                }
              }
            },
            "_isDividerBlock": {
              "type": "boolean",
              "title": "Set this block as a divider",
              "description": "If enabled, applies a divider class to the block",
              "default": false
            },
            "_paddingTop": {
              "type": "string",
              "title": "Spacing top",
              "description": "Changes the value of the blocks top spacing. Double: Doubles the blocks top spacing. Standard: Retains the standard blocks top spacing. Half: Halves the blocks top spacing. Remove: Removes the blocks top spacing. The default value is `standard`.",
              "default": "standard",
              "enum": [
                "double",
                "standard",
                "half",
                "remove"
              ],
              "_backboneForms": "Select"
            },
            "_paddingBottom": {
              "type": "string",
              "title": "Spacing bottom",
              "description": "Changes the value of the blocks bottom spacing. Double: Doubles the blocks bottom spacing. Standard: Retains the standard blocks bottom spacing. Half: Halves the blocks bottom spacing. Remove: Removes the blocks bottom spacing. The default value is `standard`.",
              "default": "standard",
              "enum": [
                "double",
                "standard",
                "half",
                "remove"
              ],
              "_backboneForms": "Select"
            },
            "_componentVerticalAlignment": {
              "type": "string",
              "title": "Set the vertical alignment of the child component(s)",
              "description": "Defines the vertical alignment of the child component(s) in relation to the block. Top: Aligns descendents to the top of the block. Center: Aligns descendents to the center of the block. Bottom: Aligns descendents to the bottom of the block. The default alignment is `top`.",
              "default": "top",
              "enum": [
                "top",
                "center",
                "bottom"
              ],
              "_backboneForms": "Select"
            },
            "_componentHorizontalAlignment": {
              "type": "string",
              "title": "Set the horizontal alignment of the child component(s)",
              "description": "Defines the horizontal alignment of the child component(s) in relation to the block. The default alignment is `left`.",
              "default": "left",
              "enum": [
                "left",
                "center",
                "right"
              ],
              "_backboneForms": "Select"
            }
          }
        }
      }
    }
  }
}
