{
  "$anchor": "vanilla-course",
  "$schema": "https://json-schema.org/draft/2020-12/schema",
  "type": "object",
  "$patch": {
    "source": {
      "$ref": "course"
    },
    "with": {
      "properties": {
        "_vanilla": {
          "type": "object",
          "title": "Theme",
          "default": {},
          "properties": {
            "_favIcon": {
              "type": "object",
              "default": {},
              "title": "Favicon",
              "properties": {
                "_src": {
                  "type": "string",
                  "title": "Image",
                  "description": "Select a favicon to improve user experience and enforce brand consistency. This will be displayed in places like your browser's address bar, page tabs and bookmarks menu. Usually, a favicon is 16 x 16 pixels in size and stored in the GIF, PNG, or ICO file format.",
                  "_backboneForms": {
                    "type": "Asset",
                    "media": "image"
                  }
                }
              }
            }
          }
        }
      }
    }
  }
}
