{
  "58a1758c8bf86471a1c1e043b1dd1cbd4aaa037c.jpg": {
    "title": "few-shot prompt-structure 3.jpg",
    "description": "few shot prompting hot graphic",
    "tags": []
  },
  "2301a10923a118215df75794faf3fd7074e345c8.jpg": {
    "title": "few-shot prompt-structure 4.jpg",
    "description": "few shot structure 4",
    "tags": []
  },
  "8d12f20368a4bba794281327acfc6cf0aadbc8a6.jpg": {
    "title": "few-shot prompt-structure (5).jpg",
    "description": "few shot prompt structure 5",
    "tags": []
  },
  "5a43384520396c73e7e8a08e8c663cb412416a3d.jpg": {
    "title": "few-shot prompt-structure (9).jpg",
    "description": "Few shot prompt structure 9",
    "tags": []
  },
  "d2c552bd8cd6a2786d766ddd7f1afffe6b1e450b.jpg": {
    "title": "few-shot prompt-structure (10).jpg",
    "description": "few shot prompt structure 10",
    "tags": []
  }
}