{
  "d5e783c9bdad39fa243577026815cf041265a243.jpg": {
    "title": "Students",
    "description": "Students in class",
    "tags": []
  },
  "58a1758c8bf86471a1c1e043b1dd1cbd4aaa037c.jpg": {
    "title": "few-shot prompt-structure 3.jpg",
    "description": "few-shot prompt-structure 3.jpg",
    "tags": []
  },
  "2301a10923a118215df75794faf3fd7074e345c8.jpg": {
    "title": "few-shot prompt-structure 4.jpg",
    "description": "few-shot prompt-structure 4.jpg",
    "tags": []
  },
  "8d12f20368a4bba794281327acfc6cf0aadbc8a6.jpg": {
    "title": "few-shot prompt-structure (5).jpg",
    "description": "few-shot prompt-structure (5).jpg",
    "tags": []
  },
  "5a43384520396c73e7e8a08e8c663cb412416a3d.jpg": {
    "title": "few-shot prompt-structure (9).jpg",
    "description": "few-shot prompt-structure (9).jpg",
    "tags": []
  },
  "d2c552bd8cd6a2786d766ddd7f1afffe6b1e450b.jpg": {
    "title": "few-shot prompt-structure (10).jpg",
    "description": "few-shot prompt-structure (10).jpg",
    "tags": []
  },
  "36f59c46865aacc0dfad10416976c2961c233097.png": {
    "title": "Lesson Complete 1",
    "description": "Lesson complete v1",
    "tags": []
  },
  "6b164791c441ae6c71586e2046ab15e5bfb0cb59.jpg": {
    "title": "clipart example",
    "description": "examples",
    "tags": []
  },
  "5990baf14e5f3bbe63b4edfd945767c440ebf26d.png": {
    "title": "tasks clipart",
    "description": "task list",
    "tags": []
  }
}