{
  "name": "adapt-contrib-assessment",
  "version": "5.4.0",
  "framework": ">=5.19.1",
  "homepage": "https://github.com/adaptlearning/adapt-contrib-assessment",
  "bugs": "https://github.com/adaptlearning/adapt-contrib-assessment/issues",
  "extension": "assessment",
  "displayName": "Assessment",
  "description": "An extension which attaches to an article object to group various question components and provide a score with feedback",
  "main": "/js/adapt-assessmentArticleExtension.js",
  "keywords": [
    "adapt-plugin",
    "adapt-extension"
  ],
  "license": "GPL-3.0",
  "targetAttribute": "_assessment",
  "private": true,
  "devDependencies": {
    "@semantic-release/commit-analyzer": "^9.0.2",
    "@semantic-release/git": "^10.0.1",
    "@semantic-release/github": "^8.0.5",
    "@semantic-release/npm": "^9.0.1",
    "@semantic-release/release-notes-generator": "^10.0.3",
    "conventional-changelog-eslint": "^3.0.9",
    "semantic-release": "^21.0.1",
    "semantic-release-replace-plugin": "^1.2.7"
  },
  "scripts": {
    "postversion": "cp package.json bower.json"
  },
  "release": {
    "plugins": [
      [
        "@semantic-release/commit-analyzer",
        {
          "preset": "eslint"
        }
      ],
      [
        "@semantic-release/release-notes-generator",
        {
          "preset": "eslint"
        }
      ],
      [
        "semantic-release-replace-plugin",
        {
          "replacements": [
            {
              "files": "migrations/*.js",
              "from": "@@CURRENT_VERSION",
              "to": "${lastRelease.version}",
              "countMatches": true
            },
            {
              "files": "migrations/*.js",
              "from": "@@RELEASE_VERSION",
              "to": "${nextRelease.version}",
              "countMatches": true
            }
          ]
        }
      ],
      "@semantic-release/npm",
      "@semantic-release/github",
      [
        "@semantic-release/git",
        {
          "assets": [
            "package.json",
            "bower.json",
            "migrations/*.js"
          ],
          "message": "Chore(release): ${nextRelease.version} [skip ci]\n\n${nextRelease.notes}"
        }
      ]
    ]
  },
  "_release": "5.4.0",
  "_resolution": {
    "type": "version",
    "tag": "v5.4.0",
    "commit": "fe947b59ebe1932d09c6e0d4e81f5a850d2a84f6"
  },
  "_source": "https://github.com/adaptlearning/adapt-contrib-assessment.git",
  "_target": "5.4.0",
  "_originalSource": "adapt-contrib-assessment",
  "_direct": true
}