{
  "$anchor": "component",
  "$schema": "https://json-schema.org/draft/2020-12/schema",
  "type": "object",
  "$merge": {
    "source": {
      "$ref": "content"
    },
    "with": {
      "required": [
        "_component"
      ],
      "properties": {
        "_component": {
          "type": "string",
          "title": "Component"
        },
        "displayTitle": {
          "default": "Untitled"
        },
        "_layout": {
          "type": "string",
          "title": "Layout",
          "default": ""
        },
        "_isResetOnRevisit": {
          "type": "string",
          "title": "Reset state on revisit",
          "description": "Controls whether this component will be reset when the learner leaves the page then returns to it. The 'soft' setting will reset the component to allow the learner to attempt it again, but will not require them to do so; whereas the 'hard' setting will require them to do so. The default (false) will not cause the component to be reset",
          "default": "false",
          "enum": [
            "false",
            "soft",
            "hard"
          ],
          "_adapt": {
            "isSetting": true
          },
          "_backboneForms": "Select"
        },
        "_isA11yCompletionDescriptionEnabled": {
          "type": "boolean",
          "title": "Enable accessibility completion description",
          "description": "Controls whether a hidden label is appended to the component title that describes the completion state of the component.",
          "default": true,
          "_adapt": {
            "isSetting": true
          }
        },
        "properties": {
          "type": "object",
          "title": "Properties",
          "default": {}
        }
      }
    }
  }
}
