{
  "$anchor": "trickle-config",
  "$schema": "https://json-schema.org/draft/2020-12/schema",
  "type": "object",
  "$patch": {
    "source": {
      "$ref": "config"
    },
    "with": {
      "properties": {
        "_trickle": {
          "type": "object",
          "title": "Trickle",
          "default": {},
          "properties": {
            "_isEnabled": {
              "type": "boolean",
              "title": "Enable Trickle globally",
              "description": "Controls whether the Trickle extension is enabled or disabled globally.",
              "default": true
            },
            "_logState": {
              "type": "boolean",
              "title": "Log state",
              "default": false,
              "description": "Controls whether the Trickle extension logs its state to the browser console."
            },
            "_completionAttribute": {
              "type": "string",
              "title": "Completion attribute",
              "description": "Set which attribute is used to determine completion",
              "default": "_isComplete",
              "enum": [
                "_isInteractionComplete",
                "_isComplete"
              ],
              "_backboneForms": "Select"
            }
          }
        }
      }
    }
  }
}
