{
  "$anchor": "trickle-course",
  "$schema": "https://json-schema.org/draft/2020-12/schema",
  "type": "object",
  "$patch": {
    "source": {
      "$ref": "course"
    },
    "with": {
      "properties": {
        "_globals": {
          "type": "object",
          "default": {},
          "properties": {
            "_extensions": {
              "type": "object",
              "default": {},
              "properties": {
                "_trickle": {
                  "type": "object",
                  "title": "Trickle",
                  "default": {},
                  "properties": {
                    "incompleteContent": {
                      "type": "string",
                      "title": "Incomplete content",
                      "default": "There is incomplete content above. You must complete this before you can proceed through the course.",
                      "_adapt": {
                        "translatable": true
                      }
                    }
                  }
                }
              }
            }
          }
        }
      }
    }
  }
}
